track,group,sessionIndexInTrack,sessionDate,sessionTimeStart,sessionTimeEnd,sessionTitle,sessionRoom,sessionChair,paperKey,paperIndexInTrack,paperIndexInSession,paperTitle,paperAuthorList,paperSpotlight,paperPdfLink,paperPdfLinkFile,paperDemoLink,paperAuthorAffiliation,paperKeywordList,paperAbstract,idLncs,idEasyChair,EOL
﻿"track/research","","01","","11:00","12:30","Linked Data","Georgian","Tom Heath","","01","01","On the Diversity and Availability of Temporal Information in Linked Open Data","Anisa Rula, Palmonari Matteo, Andreas Harth, Steffen Stadtmüller and Andrea Maurino","","http://iswc2012.semanticweb.org/sites/default/files/76490481.pdf","pdf/76490481.pdf","","","","","","",
﻿"track/research","","01","","11:00","12:30","Linked Data","Georgian","Tom Heath","","02","02","Rapidly Integrating Services into the Linked Data Cloud","Mohsen Taheriyan, Craig Knoblock, Pedro Szekely and José Luis Ambite","","http://iswc2012.semanticweb.org/sites/default/files/76490545.pdf","pdf/76490545.pdf","","","","","","",
﻿"track/research","","01","","11:00","12:30","Linked Data","Georgian","Tom Heath","","03","03","Link Discovery with Guaranteed Reduction Ratio in Affine Spaces with Minkowsky Measures","Axel-Cyrille Ngonga Ngomo","","http://iswc2012.semanticweb.org/sites/default/files/76490369.pdf","pdf/76490369.pdf","","","","","","",
﻿"track/research","","02","","11:00","12:30","Description Logic","Plaza","Pascal Hitzler","","04","01","The Not-So-Easy Task of Computing Class Subsumptions in OWL RL","Markus Krötzsch","spotlight","http://iswc2012.semanticweb.org/sites/default/files/76490273.pdf","pdf/76490273.pdf","","","","","","",
﻿"track/research","","02","","11:00","12:30","Description Logic","Plaza","Pascal Hitzler","","05","02","MORe: Modular Combination of OWL Reasoners for Ontology Classification","Ana Armas, Bernardo Cuenca Grau and Ian Horrocks","","http://iswc2012.semanticweb.org/sites/default/files/76490001.pdf","pdf/76490001.pdf","","","","","","",
﻿"track/research","","02","","11:00","12:30","Description Logic","Plaza","Pascal Hitzler","","06","03","Concept-Based Semantic Difference in Expressive Description Logics","Rafael S. Gonçalves, Bijan Parsia and Ulrike Sattler","","http://iswc2012.semanticweb.org/sites/default/files/76490097.pdf","pdf/76490097.pdf","","","","","","",
﻿"track/research","","03","","02:00","03:30","User Interfaces and Personalization","Plaza","Natasha Noy","","07","01","Semantic Enrichment by Non-Experts: Usability of Manual Annotation Tools","Annika Hinze, Ralf Heese, Markus Luczak-Rösch and Adrian Paschke","spotlight","http://iswc2012.semanticweb.org/sites/default/files/76490161.pdf","pdf/76490161.pdf","","","","","","",
﻿"track/research","","03","","02:00","03:30","User Interfaces and Personalization","Plaza","Natasha Noy","","08","02","Personalised Graph-based Selection of Web APIs","Milan Dojchinovski, Jaroslav Kuchar, Tomas Vitvar and Maciej Zaremba","spotlight","http://iswc2012.semanticweb.org/sites/default/files/76490033.pdf","pdf/76490033.pdf","","","","","","",
﻿"track/research","","03","","02:00","03:30","User Interfaces and Personalization","Plaza","Natasha Noy","","09","03","Collaborative Filtering by Analyzing Dynamic User Interests Modeled by Taxonomy","Makoto Nakatsuji, Yasuhiro Fujiwara, Toshio Uchiyama and Hiroyuki Toda","","http://iswc2012.semanticweb.org/sites/default/files/76490353.pdf","pdf/76490353.pdf","","","","","","",
﻿"track/research","","04","","02:00","03:30","Queries","Georgian","Maria-Esther Vidal","","10","01","Efficient Execution of Top-k SPARQL Queries","Sara Magliacane, Alessandro Bozzon and Emanuele Della Valle","","http://iswc2012.semanticweb.org/sites/default/files/76490337.pdf","pdf/76490337.pdf","","","","","","",
﻿"track/research","","04","","02:00","03:30","Queries","Georgian","Maria-Esther Vidal","","11","02","Cost Based Query Ordering over OWL Ontologies","Ilianna Kollia and Birte Glimm","","http://iswc2012.semanticweb.org/sites/default/files/76490225.pdf","pdf/76490225.pdf","","","","","","",
﻿"track/research","","04","","02:00","03:30","Queries","Georgian","Maria-Esther Vidal","","12","03","Hybrid SPARQL Queries: Fresh vs. Fast Results","Jürgen Umbrich, Marcel Karnstedt, Aidan Hogan and Josiane Xavier Parreira","","http://iswc2012.semanticweb.org/sites/default/files/76490593.pdf","pdf/76490593.pdf","","","","","","",
﻿"track/research","","05","","04:00","05:30","Knowledge Discovery","Plaza","Jens Lehmann","","13","01","Automatic Typing of DBpedia Entities","Aldo Gangemi, Andrea Giovanni Nuzzolese, Valentina Presutti, Francesco Draicchio, Alberto Musetti and Paolo Ciancarin","","http://iswc2012.semanticweb.org/sites/default/files/76490065.pdf","pdf/76490065.pdf","","","","","","",
﻿"track/research","","05","","04:00","05:30","Knowledge Discovery","Plaza","Jens Lehmann","","14","02","Who will Follow Whom? Exploiting Semantics for Link Prediction in Attention-Information Networks","Matthew Rowe, Milan Stankovic and Harith Alani","","http://iswc2012.semanticweb.org/sites/default/files/76490465.pdf","pdf/76490465.pdf","","","","","","",
﻿"track/research","","05","","04:00","05:30","Knowledge Discovery","Plaza","Jens Lehmann","","15","03","Feature LDA: a Supervised Topic Model for Automatic Detection of Web API Documentations from the Web","Chenghua Lin, Yulan He, Carlos Pedrinaci and John Domingue","","http://iswc2012.semanticweb.org/sites/default/files/76490321.pdf","pdf/76490321.pdf","","","","","","",
﻿"track/research","","06","","11:00","12:30","Alternative Knowledge Representation Approaches","Georgian","Jeff Pan","","16","01","Ontology-Based Access to Probabilistic Data with OWL QL","Jean Christoph Jung and Carsten Lutz","spotlight","http://iswc2012.semanticweb.org/sites/default/files/76490177.pdf","pdf/76490177.pdf","","","","","","",
﻿"track/research","","06","","11:00","12:30","Alternative Knowledge Representation Approaches","Georgian","Jeff Pan","","17","02","Ontology Constraints in Incomplete and Complete Data","Peter Patel-Schneider and Enrico Franconi","","http://iswc2012.semanticweb.org/sites/default/files/76490433.pdf","pdf/76490433.pdf","","","","","","",
﻿"track/research","","06","","11:00","12:30","Alternative Knowledge Representation Approaches","Georgian","Jeff Pan","","18","03","Scalable Geo-thematic Query Answering","Özgür Lütfü Özcep and Ralf Möller","","http://iswc2012.semanticweb.org/sites/default/files/76490641.pdf","pdf/76490641.pdf","","","","","","",
﻿"track/research","","07","","11:00","12:30","Provenance and Verification","Plaza","Paul Groth","","19","01","Formal Verification of Data Provenance Records","Szymon Klarman, Stefan Schlobach and Luciano Serafini","","http://iswc2012.semanticweb.org/sites/default/files/76490209.pdf","pdf/76490209.pdf","","","","","","",
﻿"track/research","","07","","11:00","12:30","Provenance and Verification","Plaza","Paul Groth","","20","02","Provenance for SPARQL queries","Carlos Viegas Damásio, Anastasia Analyti and Grigoris Antoniou","","http://iswc2012.semanticweb.org/sites/default/files/76490609.pdf","pdf/76490609.pdf","","","","","","",
﻿"track/research","","07","","11:00","12:30","Provenance and Verification","Plaza","Paul Groth","","21","03","DeFacto - Deep Fact Validation","Jens Lehmann, Daniel Gerber, Mohamed Morsey and Axel-Cyrille Ngonga Ngomo","spotlight","http://iswc2012.semanticweb.org/sites/default/files/76490305.pdf","pdf/76490305.pdf","","","","","","",
﻿"track/research","","08","","04:00","5:30","Instance matching","Plaza","Matthieu d'Aquin","","22","01","A Machine Learning Approach for Instance Matching Based on Similarity Metrics","Shu Rong, Xing Niu, Evan Wei Xiang, Haofen Wang, Qiang Yang and Yong Yu","","http://iswc2012.semanticweb.org/sites/default/files/76490449.pdf","pdf/76490449.pdf","","","","","","",
﻿"track/research","","08","","04:00","5:30","Instance matching","Plaza","Matthieu d'Aquin","","23","02","Instance-Based Matching of Large Ontologies Using Locality-Sensitive Hashing","Songyun Duan, Achille Fokoue, Oktie Hassanzadeh, Anastasios Kementsietsidis, Kavitha Srinivas and Michael Ward","","http://iswc2012.semanticweb.org/sites/default/files/76490048.pdf","pdf/76490048.pdf","","","","","","",
﻿"track/research","","08","","04:00","5:30","Instance matching","Plaza","Matthieu d'Aquin","","24","03","Blank Node Matching and RDF/S Comparison Functions","Yannis Tzitzikas, Christina Lantzaki and Dimitris Zeginis","","http://iswc2012.semanticweb.org/sites/default/files/76490577.pdf","pdf/76490577.pdf","","","","","","",
﻿"track/research","","09","","04:00","05:30","Streaming and Geospatial DBMSs","Statler","Freddy Lecue","","25","01","Strabon: A Semantic Geospatial DBMS","Kostis Kyzirakos, Manos Karpathiotakis and Manolis Koubarakis","","http://iswc2012.semanticweb.org/sites/default/files/76490289.pdf","pdf/76490289.pdf","","","","","","",
﻿"track/research","","09","","04:00","05:30","Streaming and Geospatial DBMSs","Statler","Freddy Lecue","","26","02","An Efficient Bit Vector Approach to Semantics-based Machine Perception in Resource-Constrained Devices","Cory Henson, Krishnaprasad Thirunarayan and Amit Sheth","","http://iswc2012.semanticweb.org/sites/default/files/76490145.pdf","pdf/76490145.pdf","","","","","","",
﻿"track/research","","09","","04:00","05:30","Streaming and Geospatial DBMSs","Statler","Freddy Lecue","","27","03","SRBench: A Streaming RDF/SPARQL Benchmark","Ying Zhang, Minh-Duc Pham, Oscar Corcho and Jean Paul Calbimonte","","http://iswc2012.semanticweb.org/sites/default/files/76490625.pdf","pdf/76490625.pdf","","","","","","",
﻿"track/research","","10","","11:00","12:30","Ontology Mapping","Georgian","Raphael Troncy","","28","01","Discovering Concept Coverings in Ontologies of Linked Data Sources","Rahul Parundekar, Craig Knoblock and José Luis Ambite","spotlight","http://iswc2012.semanticweb.org/sites/default/files/76490417.pdf","pdf/76490417.pdf","","","","","","",
﻿"track/research","","10","","11:00","12:30","Ontology Mapping","Georgian","Raphael Troncy","","29","02","A Formal Semantics for Weighted Ontology Mappings","Manuel Atencia, Alexander Borgida, Jérôme Euzenat, Chiara Ghidini and Luciano Serafini","spotlight","http://iswc2012.semanticweb.org/sites/default/files/76490017.pdf","pdf/76490017.pdf","","","","","","",
﻿"track/research","","10","","11:00","12:30","Ontology Mapping","Georgian","Raphael Troncy","","30","03","Domain-aware Ontology Matching","Kristian Slabbekoorn, Laura Hollink and Geert-Jan Houben","","http://iswc2012.semanticweb.org/sites/default/files/76490529.pdf","pdf/76490529.pdf","","","","","","",
﻿"track/research","","11","","11:00","12:30","Scalability and Parallel Processing","Plaza","Andreas Harth","","31","01","Robust Runtime Optimization and Skew-Resistant Execution of Analytical SPARQL Queries on Pig","Spyros Kotoulas, Jacopo Urbani, Peter Boncz and Peter Mika","","http://iswc2012.semanticweb.org/sites/default/files/76490241.pdf","pdf/76490241.pdf","","","","","","",
﻿"track/research","","11","","11:00","12:30","Scalability and Parallel Processing","Plaza","Andreas Harth","","32","02","SPLODGE: Systematic Generation of SPARQL Benchmark Queries for Linked Open Data","Olaf Görlitz, Matthias Thimm and Steffen Staab","","http://iswc2012.semanticweb.org/sites/default/files/76490113.pdf","pdf/76490113.pdf","","","","","","",
﻿"track/research","","11","","11:00","12:30","Scalability and Parallel Processing","Plaza","Andreas Harth","","33","03","RDFS Reasoning on Massively Parallel Hardware","Norman Heino and Jeff Z. Pan","","http://iswc2012.semanticweb.org/sites/default/files/76490129.pdf","pdf/76490129.pdf","","","","","","",
﻿"track/research","","12","","02:00","03:30","Ontology Engineering and Optimization","Plaza","Peter F. Patel-Schneider","","34","01","Hitting the Sweetspot: Economic Rewriting of Knowledge Bases","Nadeschda Nikitina and Birte Glimm","","http://iswc2012.semanticweb.org/sites/default/files/76490385.pdf","pdf/76490385.pdf","","","","","","",
﻿"track/research","","12","","02:00","03:30","Ontology Engineering and Optimization","Plaza","Peter F. Patel-Schneider","","35","02","Performance Heterogeneity and Approximate Reasoning in Description Logic Ontologies","Rafael S. Gonçalves, Bijan Parsia and Ulrike Sattler","","http://iswc2012.semanticweb.org/sites/default/files/76490081.pdf","pdf/76490081.pdf","","","","","","",
﻿"track/research","","12","","02:00","03:30","Ontology Engineering and Optimization","Plaza","Peter F. Patel-Schneider","","36","03","Predicting Reasoning Performance Using Ontology Metrics","Yong-Bin Kang, Yuan-Fang Li and Shonali Krishnaswamy","spotlight","http://iswc2012.semanticweb.org/sites/default/files/76490193.pdf","pdf/76490193.pdf","","","","","","",
﻿"track/research","","13","","02:00","03:30","Information Extraction","Georgian","Diana Maynard","","37","01","An Evidence-based Verification Approach to Extract Entities and Relations for Knowledge Base Population","Naimdjon Takhirov, Fabien Duchateau and Trond Aalberg","","http://iswc2012.semanticweb.org/sites/default/files/76490561.pdf","pdf/76490561.pdf","","","","","","",
﻿"track/research","","13","","02:00","03:30","Information Extraction","Georgian","Diana Maynard","","38","02","Large-Scale Learning of Relation-Extraction Rules with Distant Supervision from the Web","Sebastian Krause, Hong Li, Hans Uszkoreit and Feiyu Xu","","http://iswc2012.semanticweb.org/sites/default/files/76490257.pdf","pdf/76490257.pdf","","","","","","",
﻿"track/research","","13","","02:00","03:30","Information Extraction","Georgian","Diana Maynard","","39","03","Mining Semantic Relations between Research Areas","Francesco Osborne and Enrico Motta","","http://iswc2012.semanticweb.org/sites/default/files/76490401.pdf","pdf/76490401.pdf","","","","","","",
﻿"track/research","","14","","02:00","03:30","Social and Collaborative Semantics","Arlington","Gianluca Demartini","","40","01","Semantic Sentiment Analysis of Twitter","Hassan Saif, Yulan He and Harith Alani","","http://iswc2012.semanticweb.org/sites/default/files/76490497.pdf","pdf/76490497.pdf","","","","","","",
﻿"track/research","","14","","02:00","03:30","Social and Collaborative Semantics","Arlington","Gianluca Demartini","","41","02","CrowdMAP: Crowdsourcing Ontology Alignment with Microtasks","Cristina Sarasua, Elena Simperl and Natasha F. Noy","","http://iswc2012.semanticweb.org/sites/default/files/76490513.pdf","pdf/76490513.pdf","","","","","","",
﻿"track/inuse","","01","","11:00","12:30","Infrastructure","Statler","Tudor Groza","","01","01","ourSpaces - Design and Deployment of a Semantic Virtual Research Environment","Peter Edwards, Edoardo Pignotti, Alan Eckhardt, Kapila Ponnamperuma, Chris Mellish and Thomas Bouttaz","","http://iswc2012.semanticweb.org/sites/default/files/76500049.pdf","pdf/76500049.pdf","","","","","","",
﻿"track/inuse","","01","","11:00","12:30","Infrastructure","Statler","Tudor Groza","","02","02","Using SPARQL to Query BioPortal Ontologies and Metadata","Manuel Salvadores, Matthew Horridge, Paul Alexander, Ray W. Fergerson, Mark Musen and Natasha F. Noy","","http://iswc2012.semanticweb.org/sites/default/files/76500177.pdf","pdf/76500177.pdf","","","","","","",
﻿"track/inuse","","01","","11:00","12:30","Infrastructure","Statler","Tudor Groza","","03","03","Managing the life-cycle of Linked Data with the LOD2 Stack","Sören Auer, Lorenz Bühmann, Jens Lehmann, Michael Hausenblas, Sebastian Tramp, Bert van Nuffelen, Pablo Mendes, Christian Dirschl, Robert Isele, Hugh Williams and Orri Erling","","http://iswc2012.semanticweb.org/sites/default/files/76500001.pdf","pdf/76500001.pdf","","","","","","",
﻿"track/inuse","","02","","02:00","03:30","eGov and Smart Cities","Statler","Tom Heath","","04","01","QuerioCity: A Linked Data Platform for Urban Information Management","Vanessa Lopez, Spyros Kotoulas, Marco Luca Sbodio, Martin Stephenson, Aris Gkoulalas-Divanis and Pol Mac Aonghusa","","http://iswc2012.semanticweb.org/sites/default/files/76500145.pdf","pdf/76500145.pdf","","","","","","",
﻿"track/inuse","","02","","02:00","03:30","eGov and Smart Cities","Statler","Tom Heath","","05","02","Trentino government linked open geo-data: a case study","Pavel Shvaiko, Feroz Farazi, Vincenzo Maltese, Alexander Ivanyukovich, Veronica Rizzi, Daniela Ferrari and Giuliana Ucelli","","http://iswc2012.semanticweb.org/sites/default/files/76500193.pdf","pdf/76500193.pdf","","","","","","",
﻿"track/inuse","","02","","02:00","03:30","eGov and Smart Cities","Statler","Tom Heath","","06","03","Linking Smart Cities Datasets with Human Computation - the case of UrbanMatch","Irene Celino, Simone Contessa, Marta Corubolo, Daniele Dell'Aglio, Emanuele Della Valle, Stefano Fumeo and Thorsten Krueger","","http://iswc2012.semanticweb.org/sites/default/files/76500033.pdf","pdf/76500033.pdf","","","","","","",
﻿"track/inuse","","03","","04:00","05:30","Applications","Statler","Peter Mika","","07","01","Applying Semantic Web Technologies for Diagnosing Road Traffic Congestions","Freddy Lecue, Anika Schumann and Marco Sbodio","","http://iswc2012.semanticweb.org/sites/default/files/76500113.pdf","pdf/76500113.pdf","","","","","","",
﻿"track/inuse","","03","","04:00","05:30","Applications","Statler","Peter Mika","","08","02","Toward an ecosystem of LOD in the field: LOD content generation and its consuming service","Takahiro Kawamura","","http://iswc2012.semanticweb.org/sites/default/files/76500097.pdf","pdf/76500097.pdf","","","","","","",
﻿"track/inuse","","04","","11:00","12:30","Question Answering and NLP","Statler","Amal Zouaq","","09","01","DEQA: Deep Web Extraction for Question Answering","Jens Lehmann, Tim Furche, Giovanni Grasso, Axel-Cyrille Ngonga Ngomo, Christian Schallhart, Andrew Sellers, Christina Unger, Lorenz Bühmann, Daniel Gerber, Konrad Höffner, David Liu and Sören Auer","","http://iswc2012.semanticweb.org/sites/default/files/76500129.pdf","pdf/76500129.pdf","","","","","","",
﻿"track/inuse","","04","","11:00","12:30","Question Answering and NLP","Statler","Amal Zouaq","","10","02","Comparing Hard Filters to Soft Evidence Scoring for Answer Typing in Watson","Chris Welty, J William Murdock, Aditya Kalyanpur and James Fan","","http://iswc2012.semanticweb.org/sites/default/files/76500240.pdf","pdf/76500240.pdf","","","","","","",
﻿"track/inuse","","04","","11:00","12:30","Question Answering and NLP","Statler","Amal Zouaq","","11","03","Query Driven Hypothesis Generation for Answering Queries over NLP Graphs","Chris Welty, Ken Barker, Lora Aroyo and Shilpa Arora","","http://iswc2012.semanticweb.org/sites/default/files/76500225.pdf","pdf/76500225.pdf","","","","","","",
﻿"track/inuse","","05","","11:00","12:30","Semantic Web in Biomedicine","Arlington","Natasha Noy","","12","01","Experiences with modeling composite phenotypes in the SKELETOME project","Tudor Groza, Andreas Zankl and Jane Hunter","","http://iswc2012.semanticweb.org/sites/default/files/76500081.pdf","pdf/76500081.pdf","","","","","","",
﻿"track/inuse","","05","","11:00","12:30","Semantic Web in Biomedicine","Arlington","Natasha Noy","","13","02","Semantic similarity-driven decision support in the skeletal dysplasia domain","Razan Paul, Tudor Groza, Andreas Zankl and Jane Hunter","","http://iswc2012.semanticweb.org/sites/default/files/76500161.pdf","pdf/76500161.pdf","","","","","","",
﻿"track/inuse","","05","","11:00","12:30","Semantic Web in Biomedicine","Arlington","Natasha Noy","","14","03","Semantic Reasoning in Context-Aware Assistive Environments to Support Ageing with Dementia","Thibaut Tiberghien, Mounir Mokhtari, Hamdi Aloulou and Jit Biswas","","http://iswc2012.semanticweb.org/sites/default/files/76500209.pdf","pdf/76500209.pdf","","","","","","",
﻿"track/inuse","","06","","02:00","03:30","Applied Reasoning and Querying","Statler","Pascal Hitzler","","15","01","Embedded EL+ Reasoning on Programmable Logic Controllers","Stephan Grimm, Michael Watzke, Thomas Hubauer and Falco Cescolini","","http://iswc2012.semanticweb.org/sites/default/files/76500065.pdf","pdf/76500065.pdf","","","","","","",
﻿"track/inuse","","06","","02:00","03:30","Applied Reasoning and Querying","Statler","Pascal Hitzler","","16","02","Incorporating Semantic Knowledge into Dynamic Data Processing for Smart Power Grids","Qunzhi Zhou, Yogesh Simmhan and Viktor Prasanna","","http://iswc2012.semanticweb.org/sites/default/files/76500254.pdf","pdf/76500254.pdf","","","","","","",
﻿"track/inuse","","06","","02:00","03:30","Applied Reasoning and Querying","Statler","Pascal Hitzler","","17","03","Achieving Interoperability through Semantics-based Technologies: The Instant Messaging Case","Amel Bennaceur, Valerie Issarny, Romina Spalazzese and Shashank Tyagi","","http://iswc2012.semanticweb.org/sites/default/files/76500017.pdf","pdf/76500017.pdf","","","","","","",
﻿"track/evaluation","","01","","11:00","12:30","Search, question answering and entity summarization","Arlington","Manfred Hauswirth","","01","01","Evaluating Semantic Search Query Approaches with Expert and Casual Users","Khadija Elbedweihy, Stuart Wrigley and Fabio Ciravegna","","http://iswc2012.semanticweb.org/sites/default/files/76500270.pdf","pdf/76500270.pdf","","","","","","",
﻿"track/evaluation","","01","","11:00","12:30","Search, question answering and entity summarization","Arlington","Manfred Hauswirth","","02","02","Evaluation of a layered approach to question answering over linked data","Sebastian Walter, Christina Unger, Philipp Cimiano and Daniel Bär","","http://iswc2012.semanticweb.org/sites/default/files/76500354.pdf","pdf/76500354.pdf","","","","","","",
﻿"track/evaluation","","01","","11:00","12:30","Search, question answering and entity summarization","Arlington","Manfred Hauswirth","","03","03","Evaluating Entity Summarizations Using a Game-Based Ground Truth","Andreas Thalhammer, Magnus Knuth and Harald Sack","","http://iswc2012.semanticweb.org/sites/default/files/76500342.pdf","pdf/76500342.pdf","","","","","","",
﻿"track/evaluation","","02","","02:00","03:30","Evaluation of reasoning with ontologies","Arlington","Jérôme Euzenat","","04","01","Evaluation of techniques for inconsistency handling in OWL 2 QL ontologies","Riccardo Rosati, Marco Ruzzi, Mirko Graziosi and Giulia Masotti","","http://iswc2012.semanticweb.org/sites/default/files/76500330.pdf","pdf/76500330.pdf","","","","","","",
﻿"track/evaluation","","02","","02:00","03:30","Evaluation of reasoning with ontologies","Arlington","Jérôme Euzenat","","05","02","Extracting Justifications from BioPortal Ontologies","Matthew Horridge, Bijan Parsia and Ulrike Sattler","","http://iswc2012.semanticweb.org/sites/default/files/76500282.pdf","pdf/76500282.pdf","","","","","","",
﻿"track/evaluation","","02","","02:00","03:30","Evaluation of reasoning with ontologies","Arlington","Jérôme Euzenat","","06","03","Tag Recommendation for Large-Scale Ontology-Based Information Systems","Roman Prokofyev, Alexey Boyarsky, Oleg Ruchayskiy, Karl Aberer, Gianluca Demartini and Philippe Cudre-Mauroux","","http://iswc2012.semanticweb.org/sites/default/files/76500318.pdf","pdf/76500318.pdf","","","","","","",
﻿"track/evaluation","","03","","04:00","05:30","Federated and Stream Query Processing","Arlington","Josiane Xavier Parreira","","07","01","Linked Stream Data Processing: Facts and Figures","Danh Le Phuoc, Minh Dao-Tran, Minh-Duc Pham, Peter Boncz, Thomas Eiter and Michael Fink","","http://iswc2012.semanticweb.org/sites/default/files/76500294.pdf","pdf/76500294.pdf","","","","","","",
﻿"track/evaluation","","03","","04:00","05:30","Federated and Stream Query Processing","Arlington","Josiane Xavier Parreira","","08","02","Benchmarking Federated SPARQL Query Engines: Are Existing Testbeds Enough","Gabriela Montoya, Maria-Esther Vidal, Oscar Corcho, Edna Ruckhaus and Carlos Buil-Aranda","","http://iswc2012.semanticweb.org/sites/default/files/76500306.pdf","pdf/76500306.pdf","","","","","","",
﻿"track/doctoral-consortium","Accepted Long Papers","01","","","","","","","","01","01","Cross Lingual Semantic Search by Improving Semantic Similarity and Relatedness Measures","Nitish Aggarwal","","","","","","","","","",
﻿"track/doctoral-consortium","Accepted Long Papers","01","","","","","","","","02","02","Quality Reasoning in the Semantic Web","Chris Baillie","","","","","","","","","",
﻿"track/doctoral-consortium","Accepted Long Papers","01","","","","","","","","03","03","Burst the Filter Bubble: Using Semantic Web to Enable Serendipity","Valentina Maccatrozzo","","","","","","","","","",
﻿"track/doctoral-consortium","Accepted Long Papers","01","","","","","","","","04","04","Reconstructing Provenance","Sara Magliacane","","","","","","","","","",
﻿"track/doctoral-consortium","Accepted Long Papers","01","","","","","","","","05","05","Very Large Scale OWL Reasoning through Distributed Computation","Raghava Mutharaju","","","","","","","","","",
﻿"track/doctoral-consortium","Accepted Long Papers","01","","","","","","","","06","06","Replication for Linked Data","Laurens Rietveld","","","","","","","","","",
﻿"track/doctoral-consortium","Accepted Long Papers","01","","","","","","","","07","07","Scalable and Domain-Independent Entity Coreference: Establishing High Quality Data Linkages Across Heterogeneous Data Sources","Dezhao Song","","","","","","","","","",
﻿"track/doctoral-consortium","Accep​ted Short papers","02","","","","","","","","08","01","Distributed Reasoning on Semantic Data Streams","Rehab Albeladi","","","","","","","","","",
﻿"track/doctoral-consortium","Accep​ted Short papers","02","","","","","","","","09","02","Reusing XML Schemas' Information as a Foundation for Designing Domain Ontologies","Thomas Bosch","","","","","","","","","",
﻿"track/doctoral-consortium","Accep​ted Short papers","02","","","","","","","","10","03","A Multi-Domain Framework for Community Building Based on Data Tagging","Bojan Bozic","","","","","","","","","",
﻿"track/doctoral-consortium","Accep​ted Short papers","02","","","","","","","","11","04","Towards a theoretical foundation for the harmonization of linked data","Enrico Daga","","","","","","","","","",
﻿"track/doctoral-consortium","Accep​ted Short papers","02","","","","","","","","12","05","Knowledge Pattern Extraction and their usage in Exploratory Search","Andrea Giovanni Nuzzolese","","","","","","","","","",
﻿"track/doctoral-consortium","Accep​ted Short papers","02","","","","","","","","13","06","SPARQL Update for Complex Event Processing","Mikko Rinne","","","","","","","","","",
﻿"track/doctoral-consortium","Accep​ted Short papers","02","","","","","","","","14","07","Online Unsupervised Coreference Resolution for Semi-Structured Heterogeneous Data","Jennifer Sleeman","","","","","","","","","",
﻿"track/doctoral-consortium","Accep​ted Short papers","02","","","","","","","","15","08","Composition of Linked Data-based RESTful Services","Steffen Stadtmüller","","","","","","","","","",
﻿"track/industry","","01","","11:00","12:30","Industry Track I.","Arlington","Ivan Herman","","01","01","The Curious Case for Semantics and Linked Data at the Enterprise","Jay Myers","","","","","BestBuy","","","","",
﻿"track/industry","","01","","11:00","12:30","Industry Track I.","Arlington","Ivan Herman","","02","02","Financial Market Sensing via Querying a Time-Dependent RDF Graph of Sentiment Indicators Aggregated from Web-Based News Articles","Montiago Labute, Archana Venbakam, Sean Felten and Venkat Krishnamurthy","","","","","YarcData","","","","",
﻿"track/industry","","01","","11:00","12:30","Industry Track I.","Arlington","Ivan Herman","","03","03","Using Linked Data To Improve Investment Performance","Chito Jovellanos","","","","","forward look, inc","","","","",
﻿"track/industry","","02","","11:00","12:30","Industry Track II.","Berkley","Tom Heath","","04","01","On Demand Access to Big Data through Semantic Technologies","Peter Haase and Michael Schmidt","","","","","Fluid Operations AG.","","","","",
﻿"track/industry","","02","","11:00","12:30","Industry Track II.","Berkley","Tom Heath","","05","02","Fortifying a SPARQL Endpoint for Enterprise Usage Scenarios","Zhe Wu, Karl Rieb, Jay Banerjee, Vladimir Mikhailov and Sakthi Sundaram","","","","","Oracle and Cisco","","","","",
﻿"track/industry","","02","","11:00","12:30","Industry Track II.","Berkley","Tom Heath","","06","03","Drupal as a Semantic Web platform","Stéphane Corlosquet, Sudeshna Das, Emily Merrill, Paolo Ciccarese and Tim Clark","","","","","Massachusetts General Hospital and Harvard Medical School","","","","",
﻿"track/industry","","03","","04:00","05:30","Industry Track III.","Arlington","Ivan Herman","","07","01","Customer Adoption of Semantic Web Technologies - Sharing our Experience at Oracle","Souripriya Das, Jagannathan Srinivasan, Matthew Perry and Seema Sundara","","","","","Oracle","","","","",
﻿"track/industry","","03","","04:00","05:30","Industry Track III.","Arlington","Ivan Herman","","08","02","Linked Data at The Open University: From Technical Challenges to Organizational Innovation","Mathieu D'Aquin and Stuart Brown","","","","","The Open University","","","","",
﻿"track/industry","","03","","04:00","05:30","Industry Track III.","Arlington","Ivan Herman","","09","03","Linked Enterprise Data: leveraging the Semantic Web stack in a corporate IS environment","Fabrice Lacroix","","","","","Antidot","","","","",
﻿"track/industry","","04","","04:00","05:30","Industry Track IV.","Berkley","Tom Heath","","10","01","Fairtrace - Tracing the textile industry","Bruno Alves and Michael Schumacher","","","","","University of Applied Sciences Western Switzerland","","","","",
﻿"track/industry","","04","","04:00","05:30","Industry Track IV.","Berkley","Tom Heath","","11","02","Semantic Web Success Story: Practical Integration of Semantic Web Technology and Linked Data Principles in the Architecture and Implementation of an Enterprise Product","Chris Chaulk","","","","","EMC Corporation","","","","",
﻿"track/industry","","04","","04:00","05:30","Industry Track IV.","Berkley","Tom Heath","","12","03","Stardog Linked Data Catalog","Evren Sirin and Kendall Clark","","","","","Clark &amp; Parsia, LLC","","","","",
﻿"track/poster-demo","Demo","01","","","","","","","","01","01","ourSpaces - A Semantic Virtual Research Environment","Peter Edwards, Edoardo Pignotti, Alan Eckhardt, Kapila Ponnamperuma, Chris Mellish and Thomas Bouttaz","","http://iswc2012.semanticweb.org/sites/default/files/paper_61.pdf","pdf/paper_61.pdf","","","","","","",
﻿"track/poster-demo","Demo","01","","","","","","","","02","02","Demonstrating Blank Node Matching and RDF/S Comparison Functions","Christina Lantzaki, Yannis Tzitzikas and Dimitris Zeginis","","http://iswc2012.semanticweb.org/sites/default/files/paper_16.pdf","pdf/paper_16.pdf","","","","","","",
﻿"track/poster-demo","Demo","01","","","","","","","","03","03","TwikiMe! - User profiles that make sense.","Patrick Siehndel and Ricardo Kawase","","http://iswc2012.semanticweb.org/sites/default/files/paper_11.pdf","pdf/paper_11.pdf","","","","","","",
﻿"track/poster-demo","Demo","01","","","","","","","","04","04","Semantic Vernacular System: an Observation-based, Community-powered, and Semantics-enabled Naming System for Organisms","Han Wang, Nathan Wilson, Kathryn Dunn and Deborah McGuinness","","http://iswc2012.semanticweb.org/sites/default/files/paper_42.pdf","pdf/paper_42.pdf","","","","","","",
﻿"track/poster-demo","Demo","01","","","","","","","","05","05","Efficient Human Attention Detection in Museums based on Semantics and Complex Event Processing","Yongchun Xu, Nenad Stojanovic, Ljiljana Stojanovic and Tobias Schuchert","","http://iswc2012.semanticweb.org/sites/default/files/paper_18.pdf","pdf/paper_18.pdf","","","","","","",
﻿"track/poster-demo","Demo &amp; Poster","02","","","","","","","","06","01","Mining Patterns from Clinical Trial Annotated Datasets by Exploiting the NCI Thesaurus","Joseph Benik, Guillermo Palma, Louiqa Raschid, Andreas Thor and Maria-Esther Vidal","","http://iswc2012.semanticweb.org/sites/default/files/paper_43.pdf","pdf/paper_43.pdf","","","","","","",
﻿"track/poster-demo","Demo &amp; Poster","02","","","","","","","","07","02","The Linked Data Visualization Model","Josep Maria Brunetti Fernández, Sören Auer and Roberto Garcia","","http://iswc2012.semanticweb.org/sites/default/files/paper_29.pdf","pdf/paper_29.pdf","","","","","","",
﻿"track/poster-demo","Demo &amp; Poster","02","","","","","","","","08","03","QAKiS: an Open Domain QA System based on Relational Patterns","Elena Cabrio, Julien Cojan, Alessio Palmero Aprosio, Bernardo Magnini, Alberto Lavelli and Fabien Gandon","","http://iswc2012.semanticweb.org/sites/default/files/paper_24.pdf","pdf/paper_24.pdf","","","","","","",
﻿"track/poster-demo","Demo &amp; Poster","02","","","","","","","","09","04","DiscOU: A Flexible Discovery Engine for Open Educational Resources Using Semantic Indexing and Relationship Summaries","Mathieu D'Aquin, Carlo Allocca and Trevor Collins","","http://iswc2012.semanticweb.org/sites/default/files/paper_20.pdf","pdf/paper_20.pdf","","","","","","",
﻿"track/poster-demo","Demo &amp; Poster","02","","","","","","","","10","05","SPARQLoid - a Querying System using Own Ontology and Ontology Mappings with Reliability","Takahisa Fujino and Naoki Fukuta","","http://iswc2012.semanticweb.org/sites/default/files/paper_57.pdf","pdf/paper_57.pdf","","","","","","",
﻿"track/poster-demo","Demo &amp; Poster","02","","","","","","","","11","06","Simplifying MIREOT; a MIREOT Protege Plugin","Josh Hanna, Chen Cheng, Alex Crow, Jie Liu, Tejaswini Pendurthi, Mathias Brochhausen and William Hogan","","http://iswc2012.semanticweb.org/sites/default/files/paper_48_0.pdf","pdf/paper_48_0.pdf","","","","","","",
﻿"track/poster-demo","Demo &amp; Poster","02","","","","","","","","12","07","Browsing Causal Chains in a Disease Ontology","Kouji Kozaki, Hiroko Kou, Yuki Yamagata, Takeshi Imai, Kazuhiko Ohe and Riichiro Mizoguchi","","http://iswc2012.semanticweb.org/sites/default/files/paper_51.pdf","pdf/paper_51.pdf","","","","","","",
﻿"track/poster-demo","Demo &amp; Poster","02","","","","","","","","13","08","Real Time Fire Monitoring Using Semantic Web and Linked Data Technologies","Kostis Kyzirakos, Manos Karpathiotakis, George Garbis, Charalampos Nikolaou, Konstantina Bereta, Michael Sioutis, Ioannis Papoutsis, Themistoklis Herekakis, Dimitrios Michail, Manolis Koubarakis and Charis Kontoes","","http://iswc2012.semanticweb.org/sites/default/files/paper_28.pdf","pdf/paper_28.pdf","","","","","","",
﻿"track/poster-demo","Demo &amp; Poster","02","","","","","","","","14","09","Creating Enriched YouTube Media Fragments With NERD Using Timed-Text","Yunjia Li, Giuseppe Rizzo and Raphael Troncy","","http://iswc2012.semanticweb.org/sites/default/files/paper_54.pdf","pdf/paper_54.pdf","","","","","","",
﻿"track/poster-demo","Demo &amp; Poster","02","","","","","","","","15","10","Linked Data Fusion in ODCleanStore Framework","Jan Michelfeit and Tomáš Knap","","http://iswc2012.semanticweb.org/sites/default/files/paper_37.pdf","pdf/paper_37.pdf","","","","","","",
﻿"track/poster-demo","Demo &amp; Poster","02","","","","","","","","16","11","Making Sense of Research with Rexplore","Enrico Motta and Francesco Osborne","","http://iswc2012.semanticweb.org/sites/default/files/paper_39.pdf","pdf/paper_39.pdf","","","","","","",
﻿"track/poster-demo","Demo &amp; Poster","02","","","","","","","","17","12","Quest: Efficient SPARQL-to-SQL for RDF and OWL","Mariano Rodriguez-Muro, Josef Hardi and Diego Calvanese","","http://iswc2012.semanticweb.org/sites/default/files/paper_59.pdf","pdf/paper_59.pdf","","","","","","",
﻿"track/poster-demo","Demo &amp; Poster","02","","","","","","","","18","13","A Prototype for Semantic based Diagnosis of Road Traffic Congestions","Marco Luca Sbodio, Freddy Lecue and Anika Schumann","","http://iswc2012.semanticweb.org/sites/default/files/paper_47.pdf","pdf/paper_47.pdf","","","","","","",
﻿"track/poster-demo","Demo &amp; Poster","02","","","","","","","","19","14","Adding Realtime Coverage to the Google Knowledge Graph","Thomas Steiner, Ruben Verborgh, Raphael Troncy, Joaquim Gabarro and Rik Van De Walle","","http://iswc2012.semanticweb.org/sites/default/files/paper_2.pdf","pdf/paper_2.pdf","","","","","","",
﻿"track/poster-demo","Demo &amp; Poster","02","","","","","","","","20","15","Everything is Connected: Using Linked Data for Multimedia Narration of Connections between Concepts","Miel Vander Sande, Ruben Verborgh, Sam Coppens, Tom De Nies, Pedro Debevere, Laurens De Vocht, Pieterjan De Potter, Davy Van Deursen, Erik Mannens and Rik Van de Walle","","http://iswc2012.semanticweb.org/sites/default/files/paper_10.pdf","pdf/paper_10.pdf","","","","","","",
﻿"track/poster-demo","Poster","03","","","","","","","","21","01","Extracting Relevant Subgraphs from Graph Navigation","Valeria Fionda, Claudio Gutierrez and Giuseppe Pirró","","http://iswc2012.semanticweb.org/sites/default/files/paper_34.pdf","pdf/paper_34.pdf","","","","","","",
﻿"track/poster-demo","Poster","03","","","","","","","","22","02","Jena-HBase: A Distributed, Scalable and Efficient RDF Triple Store","Vaibhav Khadilkar, Murat Kantarcioglu, Bhavani Thuraisingham and Paolo Castagna","","http://iswc2012.semanticweb.org/sites/default/files/paper_14.pdf","pdf/paper_14.pdf","","","","","","",
﻿"track/poster-demo","Poster","03","","","","","","","","23","03","Applying Multidimensional Navigation and Explanation in Semantic Dataset Summarization","James Michaelis, Deborah Mcguinness, Cynthia Chang, Joanne Luciano and James Hendler","","http://iswc2012.semanticweb.org/sites/default/files/paper_26.pdf","pdf/paper_26.pdf","","","","","","",
﻿"track/poster-demo","Poster","03","","","","","","","","24","04","Building Large Scale Relation KB from Text","Junfeng Pan, Haofen Wang and Yong Yu","","http://iswc2012.semanticweb.org/sites/default/files/paper_12.pdf","pdf/paper_12.pdf","","","","","","",
﻿"track/poster-demo","Poster","03","","","","","","","","25","05","Reasoning in RDFS is Inherently Serial, at least in the worst case","Peter Patel-Schneider","","http://iswc2012.semanticweb.org/sites/default/files/paper_1.pdf","pdf/paper_1.pdf","","","","","","",
﻿"track/poster-demo","Poster","03","","","","","","","","26","06","INSTANS: High-Performance Event Processing with Standard RDF and SPARQL","Mikko Rinne, Esko Nuutila and Seppo Törmä","","http://iswc2012.semanticweb.org/sites/default/files/paper_22.pdf","pdf/paper_22.pdf","","","","","","",
﻿"track/poster-demo","Poster","03","","","","","","","","27","07","RIO: Minimizing User Interaction in Ontology Debugging","Patrick Rodler, Kostyantyn Shchekotykhin, Philipp Fleiss and Gerhard Friedrich","","http://iswc2012.semanticweb.org/sites/default/files/paper_45.pdf","pdf/paper_45.pdf","","","","","","",
﻿"track/poster-demo","Poster","03","","","","","","","","28","08","On Direct Debugging of Aligned Ontologies","Kostyantyn Shchekotykhin, Patrick Rodler, Philipp Fleiss and Gerhard Friedrich","","http://iswc2012.semanticweb.org/sites/default/files/paper_64.pdf","pdf/paper_64.pdf","","","","","","",
﻿"track/poster-demo","Poster","03","","","","","","","","29","09","Queries, the Missing Link in Automatic Data Integration","Aibo Tian, Juan F. Sequeda and Daniel Miranker","","http://iswc2012.semanticweb.org/sites/default/files/paper_41.pdf","pdf/paper_41.pdf","","","","","","",
﻿"track/poster-demo","Poster","03","","","","","","","","30","10","MeDetect: Domain Entity Annotation in Biomedical References Using Linked Open Data","Li Tian, Weinan Zhang, Haofen Wang, Chenyang Wu, Yuan Ni, Feng Cao and Yong Yu","","http://iswc2012.semanticweb.org/sites/default/files/paper_27.pdf","pdf/paper_27.pdf","","","","","","",
﻿"track/poster-demo","Poster","03","","","","","","","","31","11","Towards Licenses Compatibility and Composition in the Web of Data","Serena Villata and Fabien Gandon","","http://iswc2012.semanticweb.org/sites/default/files/paper_23.pdf","pdf/paper_23.pdf","","","","","","",
﻿"track/semantic-web-challenge","Open Track","01","","","","","","","","01","01","Semantic Navigation on the Web with swget","Valeria Fionda, Claudio Gutierrez and Giuseppe Pirró","","http://challenge.semanticweb.org/2012/submissions/swc2012_submission_1.pdf","pdf/swc2012_submission_1.pdf","http://swget.inf.unibz.it/","","","","","",
﻿"track/semantic-web-challenge","Open Track","01","","","","","","","","02","02","Explore: Interactive Browsing and Exploring Biomedical Knowledge","Vinh Nguyen","","http://challenge.semanticweb.org/2012/submissions/swc2012_submission_3.pdf","pdf/swc2012_submission_3.pdf","http://knoesis.wright.edu/iExplore/iExplore.html","","","","","",
﻿"track/semantic-web-challenge","Open Track","01","","","","","","","","03","03","Iridescent: a Tool for Rapid Semantic Web Service Descriptions","Thanos G. Stavropoulos, Dimitris Vrakas and Ioannis Vlahavas","","http://challenge.semanticweb.org/2012/submissions/swc2012_submission_6.pdf","pdf/swc2012_submission_6.pdf","http://lpis.csd.auth.gr/people/thanosgstavr/applications/iridescent.html","","","","","",
﻿"track/semantic-web-challenge","Open Track","01","","","","","","","","04","04","LEAPS: A Semantic Web and Linked data framework for the Algal Biomass Domain","Monika Solanki","","http://challenge.semanticweb.org/2012/submissions/swc2012_submission_7.pdf","pdf/swc2012_submission_7.pdf","http://www.semanticwebservices.org/enalgae/","","","","","",
﻿"track/semantic-web-challenge","Open Track","01","","","","","","","","05","05","Smart-Aleck: An Interestingness Algorithm for Large Semantic Datasets","Kavi Mahesh and Pallavi Karanth","","http://challenge.semanticweb.org/2012/submissions/swc2012_submission_8.pdf","pdf/swc2012_submission_8.pdf","https://sites.google.com/site/semanticsmartaleck/","","","","","",
﻿"track/semantic-web-challenge","Open Track","01","","","","","","","","06","06","Revealing Trends and Insights in Online Hiring Market Using Linking Open Data Cloud: Active Hiring a Use Case Study","Amar Djalil Mezaour, Julien Law-To, Robert Isele, Thomas Schandl and Gerd Zechmeister","","http://challenge.semanticweb.org/2012/submissions/swc2012_submission_9.pdf","pdf/swc2012_submission_9.pdf","http://activehiring.labs.exalead.com/","","","","","",
﻿"track/semantic-web-challenge","Open Track","01","","","","","","","","07","07","InSciTe Adaptive: Intelligent Technology Analysis Service Considering User Intention","Jinhyung Kim, Myunggwon Hwang, Do-Heon Jeong, Sa-Kwang Song and Hanmin Jung","","http://challenge.semanticweb.org/2012/submissions/swc2012_submission_10.pdf","pdf/swc2012_submission_10.pdf","http://dev1.rntsoft.co.kr:8000/resources/html/index.html","","","","","",
﻿"track/semantic-web-challenge","Open Track","01","","","","","","","","08","08","S2REd: A Semantic Web Rule Editor","Thetida Zetta, Efstratios Kontopoulos and Nick Bassiliades","","http://challenge.semanticweb.org/2012/submissions/swc2012_submission_11.pdf","pdf/swc2012_submission_11.pdf","http://sourceforge.net/projects/s2red/","","","","","",
﻿"track/semantic-web-challenge","Open Track","01","","","","","","","","09","09","X-ENS: Semantic Enrichment of Web Search Results at Real-Time","Pavlos Fafalios and Yannis Tzitzikas","","http://challenge.semanticweb.org/2012/submissions/swc2012_submission_12.pdf","pdf/swc2012_submission_12.pdf","http://139.91.183.72/x-ens/","","","","","",
﻿"track/semantic-web-challenge","Open Track","01","","","","","","","","10","10","A Semantic Browser for Linked Open Data","Alexander Seeliger and Heiko Paulheim","","http://challenge.semanticweb.org/2012/submissions/swc2012_submission_13.pdf","pdf/swc2012_submission_13.pdf","http://kebap.ke.informatik.tu-darmstadt.de:8080/semantic-browser/query/index","","","","","",
﻿"track/semantic-web-challenge","Open Track","01","","","","","","","","11","11","Open Self Medication on LOD","Olivier Curé","","http://challenge.semanticweb.org/2012/submissions/swc2012_submission_14.pdf","pdf/swc2012_submission_14.pdf","http://igm.univ-mlv.fr/~ocure/selfMed/","","","","","",
﻿"track/semantic-web-challenge","Open Track","01","","","","","","","","12","12","Browsing Linked Open Data with Auto Complete","Heiko Paulheim","","http://challenge.semanticweb.org/2012/submissions/swc2012_submission_15.pdf","pdf/swc2012_submission_15.pdf","http://kebap.ke.informatik.tu-darmstadt.de:8080/LODATC","","","","","",
﻿"track/semantic-web-challenge","Open Track","01","","","","","","","","13","13","Urbanopoly: Collection and Quality Assessment of Geo-spatial Linked Data via a Human Computation Game","Irene Celino, Dario Cerizza, Simone Contessa, Marta Corubolo, Daniele Dell'Aglio, Emanuele Della Valle, Stefano Fumeo and Federico Piccinini","","http://challenge.semanticweb.org/2012/submissions/swc2012_submission_16.pdf","pdf/swc2012_submission_16.pdf","http://www.youtube.com/watch?v=OM32qmsfHlA","","","","","",
﻿"track/semantic-web-challenge","Open Track","01","","","","","","","","14","14","iPlant Semantic Web Platform uses SSWAP (Simple Semantic Web Architecture and Protocol) to enable Semantic Pipelines across Distributed Web and High Performance Computing Resources","Damian Gessler, Blazej Bulka, Evren Sirin, Yan Kang, Pavel Klinov, Hans Vasquez-Gross, John Yu and Jill Wegrzyn","","http://challenge.semanticweb.org/2012/submissions/swc2012_submission_18.pdf","pdf/swc2012_submission_18.pdf","http://sswap.info/","","","","","",
﻿"track/semantic-web-challenge","Open Track","01","","","","","","","","15","15","RailGB: Using Open Accessibility Data to Help People with Disabilities","Yunjia Li, E.A. Draffan, Hugh Glaser, Ian Millard, Russell Newman, Mike Wald, Gary Wills and Magnus White","","http://challenge.semanticweb.org/2012/submissions/swc2012_submission_20.pdf","pdf/swc2012_submission_20.pdf","http://m.railgb.org.uk/","","","","","",
﻿"track/semantic-web-challenge","Open Track","01","","","","","","","","16","16","Super Stream Collider--Linked Stream Mashups for Everyone","Hoan Nguyen Mau Quoc, Martin Serrano, Danh Le Phuoc and Manfred Hauswirth","","http://challenge.semanticweb.org/2012/submissions/swc2012_submission_23.pdf","pdf/swc2012_submission_23.pdf","http://www.superstreamcollider.org/","","","","","",
﻿"track/semantic-web-challenge","Open Track","01","","","","","","","","17","17","Wildfire Monitoring Using Satellite Images, Ontologies, and Linked Geospatial Data","Kostis Kyzirakos, Manos Karpathiotakis, George Garbis, Charalampos Nikolaou, Konstantina Bereta, Ioannis Papoutsis, Themistoklis Herekakis, Dimitrios Michail, Manolis Koubarakis and Charalambos Kontoes","","http://challenge.semanticweb.org/2012/submissions/swc2012_submission_24.pdf","pdf/swc2012_submission_24.pdf","http://papos.space.noa.gr/fend_static/","","","","","",
﻿"track/semantic-web-challenge","Open Track","01","","","","","","","","18","18","SPUD: Semantic Processing of Urban Data","Spyros Kotoulas, Vanessa Lopez, Raymond Lloyd, Marco Luca Sbodio, Freddy Lecue, Martin Stephenson, Elizabeth Daly, Veli Bicer, Aris Gkoulalas-Divanis, Giusy Di Lorenzo, Anika Schumann and Pol Mac Aonghusa","","http://challenge.semanticweb.org/2012/submissions/swc2012_submission_25.pdf","pdf/swc2012_submission_25.pdf","http://www.dublinked.ie/sandbox/SemanticWebChall/","","","","","",
﻿"track/semantic-web-challenge","Open Track","01","","","","","","","","19","19","Tracking Movements and Attention of Crowds in Real Time Analysing Social Streams The case of London 2012 Open Ceremony","Marco Balduini and Emanuele Della Valle","","http://challenge.semanticweb.org/2012/submissions/swc2012_submission_26.pdf","pdf/swc2012_submission_26.pdf","http://www.streamreasoning.org/demos/london2012","","","","","",
﻿"track/semantic-web-challenge","Open Track","01","","","","","","","","20","20","SEKI@home, a Generic Approach for Crowdsourcing Knowledge Extraction from Arbitrary Web Pages","Thomas Steiner and Stefan Mirea","","http://challenge.semanticweb.org/2012/submissions/swc2012_submission_28.pdf","pdf/swc2012_submission_28.pdf","http://bit.ly/SEKIatHome","","","","","",
﻿"track/semantic-web-challenge","Open Track","01","","","","","","","","21","21","EventMedia Live: Exploring Events Connections in Real-Time to Enhance Content","Houda Khrouf, Vuk Milicic and Raphaël Troncy","","http://challenge.semanticweb.org/2012/submissions/swc2012_submission_29.pdf","pdf/swc2012_submission_29.pdf","http://eventmedia.eurecom.fr/demo.html","","","","","",
﻿"track/semantic-web-challenge","Billion Triples Track","02","","","","","","","","22","01","Get the Google Feeling: Supporting Users in Finding Relevant Sources of Linked Open Data at Web-Scale","Thomas Gottron, Ansgar Scherp, Bastian Krayer and Arne Peters","","http://challenge.semanticweb.org/2012/submissions/swc2012_submission_19.pdf","pdf/swc2012_submission_19.pdf","http://btc2012.west.uni-koblenz.de:8080/","","","","","",
﻿"track/semantic-web-challenge","Billion Triples Track","02","","","","","","","","23","02","Exploring the Linked Data Cloud via Contextual Tag Cloud","Xingjian Zhang, Dezhao Song, Sambhawa Priya, Zachary Daniels, Kelly Reynolds and Jeff Heflin","","http://challenge.semanticweb.org/2012/submissions/swc2012_submission_27.pdf","pdf/swc2012_submission_27.pdf","http://gimli.cse.lehigh.edu:8080/btc/","","","","","",
﻿"track/semantic-web-challenge","Billion Triples Track","02","","","","","","","","24","03","LODPeas: Like peas in a LOD (cloud)","Aidan Hogan, Emir Muñoz and Jürgen Umbrich","","http://challenge.semanticweb.org/2012/submissions/swc2012_submission_30.pdf","pdf/swc2012_submission_30.pdf","http://deri-srvgal28.nuigalway.ie/lodpeas/","","","","","",
